Country,Region,IncomeGroup,Cluster,Life expectancy,GDP,Schooling,Adult Mortality,HIV/AIDS,Sanitation,Undernourishment,Health Expenditure %,CO2
Afghanistan,South Asia,Low income,2,58.419999999999995,355.0457871666667,8.393333333333334,265.6,0.1,47.891129819999996,29.759999999999998,9.458761310333333,3898.000000635782
Albania,Europe & Central Asia,Upper middle income,1,75.32666666666667,2182.6558587333334,12.233333333333333,47.333333333333336,0.1,43.34548027866666,6.526666666666667,5.778031157333333,4222.000009536744
Algeria,Middle East & North Africa,Lower middle income,1,73.77333333333333,2920.5650871333332,12.846666666666666,105.73333333333333,0.1,20.140720842666667,5.266666666666667,4.708841306666667,111222.00052897133
Angola,Sub-Saharan Africa,Lower middle income,2,49.266666666666666,2069.799452,8.273333333333333,347.26666666666665,2.393333333333333,47.891129819999996,37.733333333333334,3.1009997053333334,20960.666590372726
Antigua and Barbuda,Latin America & Caribbean,High income,1,75.15333333333334,9751.581994266666,9.433333333333334,125.6,0.12666666666666668,47.891129819999996,6.6,5.1242000580000004,526.666665474574
Argentina,Latin America & Caribbean,Upper middle income,3,75.22666666666667,6953.861848933333,16.606666666666666,103.93333333333334,0.1,49.54518023333333,3.24,8.599013582666666,157966.00174967447
Armenia,Europe & Central Asia,Upper middle income,1,73.49333333333334,2091.8025556466664,11.826666666666666,115.73333333333333,0.1,51.99129418466667,9.686666666666667,7.743499850666667,4643.333330154419
Australia,East Asia & Pacific,High income,3,81.96666666666667,36802.07465,20.013333333333332,62.2,0.1,63.043309105333336,2.5,8.349492040666666,374903.9988606773
Austria,Europe & Central Asia,High income,3,81.70666666666666,34448.156899333335,15.386666666666667,63.733333333333334,0.1,99.655058028,2.5,9.868678538666666,69243.33319091797
Azerbaijan,Europe & Central Asia,Upper middle income,1,71.00666666666666,3479.412705726667,11.433333333333334,121.8,0.1,23.46616512066667,5.22,2.678738706,28681.33356730144
Bahrain,Middle East & North Africa,High income,1,75.80666666666666,11028.240803333332,14.173333333333334,63.6,0.1,77.88314505800001,6.6,3.8073500786666665,23600.66672261556
Bangladesh,South Asia,Lower middle income,2,69.56666666666666,470.0899990933333,8.786666666666667,139.26666666666668,0.1,26.255770077333334,14.666666666666666,2.5079531200000003,44327.33391316733
Barbados,Latin America & Caribbean,High income,1,74.42666666666668,12047.031024666667,14.953333333333335,74.33333333333333,0.21333333333333335,47.891129819999996,5.173333333333333,6.742581558,1706.6666482289627
Belarus,Europe & Central Asia,Upper middle income,3,70.03333333333333,3980.5411485333334,14.860000000000001,216.86666666666667,0.1,80.88972179733334,2.6199999999999997,5.585650953333333,57227.333251953125
Belgium,Europe & Central Asia,High income,3,80.88666666666667,17887.829126666664,16.706666666666667,74.13333333333334,0.1,78.42620726666665,2.5,9.68895607,104632.66575113936
Belize,Latin America & Caribbean,Upper middle income,1,69.33333333333333,3970.918072066667,12.506666666666666,152.8,0.44,47.891129819999996,6.46,5.268521278,599.3333338896432
Benin,Sub-Saharan Africa,Lower middle income,2,57.71333333333334,573.6330062533333,9.013333333333332,268.73333333333335,1.6866666666666668,47.891129819999996,10.426666666666668,2.978098027333333,3808.000039418538
Bhutan,South Asia,Lower middle income,1,66.44,1393.1951929266666,10.42,224.8,0.3733333333333333,63.86977589599999,6.6,3.9591136453333333,424.6666607459387
Bolivia,Latin America & Caribbean,Lower middle income,1,68.04666666666667,3045.0455303666668,14.006666666666666,173.13333333333333,0.16000000000000003,36.534034294,22.259999999999998,5.176383018666667,13633.333320617672
Bosnia and Herzegovina,Europe & Central Asia,Upper middle income,1,76.06,2297.244078466667,13.04,61.53333333333333,0.1,24.20190609666667,2.5866666666666664,8.929579608000001,18709.33327738444
Botswana,Sub-Saharan Africa,Upper middle income,2,56.6,4574.858577933333,12.166666666666666,434.8666666666667,15.04,47.891129819999996,21.89333333333333,5.843329970666667,4472.000034332276
Brazil,Latin America & Caribbean,Upper middle income,3,73.27333333333333,6303.431289066666,14.166666666666666,148.53333333333333,0.1,39.376511910666665,5.34,8.213688373333333,384949.33235677105
Bulgaria,Europe & Central Asia,Upper middle income,3,72.96666666666667,5256.9615521333335,13.780000000000001,123.0,0.1,53.402160646,4.16,6.975295066666666,46210.00019327799
Burkina Faso,Sub-Saharan Africa,Low income,2,55.95333333333333,422.6317711733334,5.54,246.13333333333333,1.6933333333333331,47.891129819999996,15.573333333333332,4.455660056666667,1924.666676998139
Burundi,Sub-Saharan Africa,Low income,2,55.373333333333335,137.93644637333333,7.680000000000001,285.26666666666665,2.9466666666666663,47.891129819999996,6.6,8.505230744666667,252.66666988531728
Cambodia,East Asia & Pacific,Lower middle income,2,64.78666666666666,497.0309399866666,10.053333333333335,191.2,0.9533333333333334,47.891129819999996,14.366666666666667,6.801884110666666,4300.000025431315
Cameroon,Sub-Saharan Africa,Lower middle income,2,54.193333333333335,828.5227781066666,9.04,288.26666666666665,6.113333333333333,47.891129819999996,11.793333333333333,3.97704506,6349.333391825358
Canada,North America,High income,3,81.86,29733.49008,15.873333333333335,63.46666666666667,0.1,80.06782987599999,2.5,9.779674148,543563.9977213541
Central African Republic,Sub-Saharan Africa,Low income,2,48.68,371.0234363933333,6.306666666666667,352.0,8.626666666666667,17.815074963333334,37.96666666666667,4.39077781,199.33333347241066
Chad,Sub-Saharan Africa,Low income,2,50.57333333333334,506.0290213266666,6.180000000000001,240.0,4.319999999999999,8.8733969608,33.74,4.720863675333334,1033.3333470026648
Chile,Latin America & Caribbean,High income,3,79.59333333333333,6581.742755866667,14.993333333333334,67.0,0.1,59.969352568,3.2133333333333334,7.034854380666667,65351.33359781901
China,East Asia & Pacific,Upper middle income,1,74.43333333333334,2437.6985561333336,11.566666666666666,71.0,0.1,30.544217491999998,5.053333333333333,4.331039667333333,7213699.994791667
Colombia,Latin America & Caribbean,Upper middle income,1,73.41333333333334,3378.2916094666666,12.293333333333333,121.4,0.1,16.462968781333334,10.266666666666667,6.574697684666666,64191.99965413413
Comoros,Sub-Saharan Africa,Lower middle income,2,61.72,647.3530992333333,10.073333333333332,238.86666666666667,0.29333333333333333,47.891129819999996,6.6,5.618217373333334,148.00000095367415
Costa Rica,Latin America & Caribbean,Upper middle income,1,78.66000000000001,4195.1515260666665,12.92,67.46666666666667,0.1,35.92407721066666,4.566666666666666,7.316200382666667,6864.66664759318
Cote d'Ivoire,Sub-Saharan Africa,Lower middle income,2,50.55333333333333,3045.0455303666668,12.406666666666666,414.4,4.526666666666667,47.891129819999996,15.433333333333334,4.676420290666667,6803.999947865805
Croatia,Europe & Central Asia,High income,3,76.21333333333334,9332.595120999998,14.0,86.46666666666667,0.1,77.67786835933333,3.046666666666667,7.152060316666667,19728.00008138021
Cuba,Latin America & Caribbean,Upper middle income,3,78.04666666666667,3209.722848733333,14.866666666666667,53.733333333333334,0.1,38.678313214666666,2.5,9.754519845999999,27236.66678873698
Cyprus,Europe & Central Asia,High income,3,79.78,13847.285694666667,13.586666666666668,57.266666666666666,0.1,76.44763247733334,4.826666666666667,6.060363896,7564.666667938232
Denmark,Europe & Central Asia,High income,3,79.41333333333334,35022.33116533333,17.240000000000002,69.66666666666667,0.1,87.89112770133333,2.5,9.608543840666666,47984.66669718424
Djibouti,Middle East & North Africa,Lower middle income,2,60.980000000000004,906.6547442266667,4.873333333333333,271.3333333333333,3.2266666666666666,28.464469216666664,26.473333333333336,3.2616494339999997,452.0000003973641
Dominica,Latin America & Caribbean,Upper middle income,1,72.65666666666667,722.75665,12.7,141.23333333333335,0.1,47.891129819999996,4.84,5.030289206,193.33333581685991
Dominican Republic,Latin America & Caribbean,Upper middle income,1,72.36666666666666,3724.6375187333333,12.78,141.33333333333334,1.3466666666666667,47.891129819999996,15.393333333333334,5.022759088666667,20360.00013224284
Ecuador,Latin America & Caribbean,Upper middle income,1,74.85333333333332,2042.2894484666665,13.053333333333335,130.06666666666666,0.18666666666666665,40.76240569733333,16.646666666666665,5.8213549633333335,32593.333180745438
El Salvador,Latin America & Caribbean,Lower middle income,1,71.92666666666668,2536.462832466667,12.746666666666666,150.86666666666667,0.28,47.891129819999996,9.546666666666665,8.101215552666666,6696.000011444092
Equatorial Guinea,Sub-Saharan Africa,Upper middle income,2,55.486666666666665,8417.725847133333,8.879999999999999,275.6,5.3533333333333335,47.891129819999996,6.6,1.871653358,7891.999937693279
Eritrea,Sub-Saharan Africa,Low income,2,61.71333333333334,280.41339334545455,4.993333333333334,289.6666666666667,1.1666666666666667,47.891129819999996,6.6,5.680502351333333,595.3333286444346
Estonia,Europe & Central Asia,High income,3,74.74,8893.306594733333,16.04,166.46666666666667,0.1,92.66200386933333,2.7199999999999998,5.514609462666667,17185.999926249173
Ethiopia,Sub-Saharan Africa,Low income,2,59.64,274.3772628133333,6.993333333333334,278.53333333333336,2.5733333333333333,4.0516878558,30.39333333333333,4.503030364666667,7103.333339691168
Fiji,East Asia & Pacific,Upper middle income,1,68.78,3125.7112814666666,14.253333333333334,118.6,0.1,47.891129819999996,4.9,3.2385806086666666,1160.6666590372724
Finland,Europe & Central Asia,High income,3,80.92666666666668,25336.342795333334,17.293333333333333,72.46666666666667,0.1,82.04470886466667,2.5,8.681224314,57904.66587320965
France,Europe & Central Asia,High income,3,82.44666666666667,26732.212016666665,15.913333333333334,77.13333333333334,0.1,78.99752151,2.5,10.719720394666666,353087.3324381511
Gabon,Sub-Saharan Africa,Upper middle income,2,62.32666666666667,5250.108805866666,12.426666666666668,215.4,7.9,47.891129819999996,13.92,2.9809303453333333,5776.000021616618
Georgia,Europe & Central Asia,Upper middle income,1,73.61999999999999,2256.033079833333,12.76,114.0,0.1,42.277623724,5.986666666666666,8.040261491333334,5505.333345413208
Germany,Europe & Central Asia,High income,3,81.38666666666667,24379.015926666667,16.62666666666667,69.66666666666667,0.1,96.30146769533333,2.5,10.574217032666667,786543.9986979169
Ghana,Sub-Saharan Africa,Lower middle income,2,61.10666666666667,872.4603430066667,9.633333333333333,189.53333333333333,2.2,7.6999746928,9.28,3.8309126053333333,10323.333260854079
Greece,Europe & Central Asia,High income,3,81.42,17468.321346,16.073333333333334,72.93333333333334,0.1,82.62750264,2.5,8.551864369333334,90509.33325195308
Grenada,Latin America & Caribbean,Upper middle income,1,73.24666666666667,6335.645750533334,15.280000000000001,151.86666666666667,0.1,47.891129819999996,6.6,5.390716457333334,312.66666523615527
Guatemala,Latin America & Caribbean,Upper middle income,1,72.0,2413.183687933333,9.973333333333333,125.2,0.3866666666666667,47.891129819999996,18.166666666666668,6.096702799333333,11915.999956766766
Guinea,Sub-Saharan Africa,Low income,2,56.24666666666667,295.7946565533333,7.333333333333333,255.33333333333334,2.14,47.891129819999996,6.6,4.167141311333333,2071.3333253860474
Guinea-Bissau,Sub-Saharan Africa,Low income,2,55.586666666666666,389.9791296133333,8.413333333333334,168.66666666666666,4.933333333333334,6.5046084798,6.6,7.018719547333333,222.00000047683707
Guyana,Latin America & Caribbean,Upper middle income,1,65.65333333333334,1839.6997080666665,10.78,201.13333333333333,1.06,47.891129819999996,7.393333333333333,3.825824244666667,1727.3333320617674
Haiti,Latin America & Caribbean,Lower middle income,2,59.95333333333333,432.4850350933333,8.493333333333334,177.2,2.5799999999999996,47.891129819999996,48.07333333333334,4.135943937333334,2195.3333441416416
Honduras,Latin America & Caribbean,Lower middle income,1,73.12666666666668,1503.9884103333331,10.96,139.86666666666667,0.76,44.589670321999996,18.473333333333336,7.80115757,8087.333348592122
Hungary,Europe & Central Asia,High income,3,73.96666666666667,8772.986812,15.2,144.0,0.1,72.16082646800001,2.5,7.3819312733333335,50365.99943033854
Iceland,Europe & Central Asia,High income,3,82.62666666666668,30049.244872,18.246666666666666,47.733333333333334,0.1,58.57888501733333,2.5,8.633695158666665,2139.3333218892412
India,South Asia,Lower middle income,2,65.61333333333333,864.5237453733333,10.093333333333334,141.4,0.2533333333333333,21.409586811066667,17.60666666666667,3.6816561533333334,1487855.3400065114
Indonesia,East Asia & Pacific,Lower middle income,2,67.64,1775.1294059466668,11.673333333333334,165.13333333333333,0.20666666666666667,47.891129819999996,14.806666666666667,2.604462966,395291.333170573
Iraq,Middle East & North Africa,Upper middle income,2,70.38000000000001,3542.55753725,9.993333333333334,136.26666666666668,0.1,37.062541712666665,17.973333333333336,3.034781408,102805.33325195314
Ireland,Europe & Central Asia,High income,3,80.4,34341.49555,17.753333333333334,71.0,0.1,66.96437889066667,2.5,8.591406694,41762.66659545899
Israel,Middle East & North Africa,High income,3,81.46000000000001,19974.364869999998,15.746666666666666,58.4,0.1,85.87906079666666,2.5,7.053087266,65583.99983723958
Italy,Europe & Central Asia,High income,3,82.37333333333332,22633.685021999998,16.006666666666668,52.666666666666664,0.1,95.68529786466667,2.5,8.464902622,416470.6639811198
Jamaica,Latin America & Caribbean,Upper middle income,1,74.40666666666667,2654.3912876,12.333333333333334,139.26666666666668,1.1733333333333333,47.891129819999996,8.56,4.99477698,9152.00011444092
Japan,East Asia & Pacific,High income,3,82.63333333333334,23983.215236666667,15.006666666666666,56.0,0.1,76.49314258333334,2.52,8.810764820666666,1198089.314453126
Jordan,Middle East & North Africa,Upper middle income,1,73.07333333333332,1833.6126369333333,13.28,113.06666666666666,0.1,78.16432399666665,6.433333333333334,8.311999415999999,20703.333409627274
Kazakhstan,Europe & Central Asia,Upper middle income,1,66.95333333333333,4227.961908666667,14.153333333333334,228.06666666666666,0.1,47.891129819999996,4.680000000000001,3.2265392306666665,196062.00036621094
Kenya,Sub-Saharan Africa,Lower middle income,2,57.85333333333333,761.6227581933333,10.073333333333332,343.26666666666665,8.139999999999999,47.891129819999996,25.92,5.551948737333333,10792.666585286468
Kiribati,East Asia & Pacific,Lower middle income,1,65.22,1200.5256590066667,11.806666666666667,123.26666666666667,0.1,21.349040535333334,4.5600000000000005,10.869850509333334,54.66666611035666
Kuwait,Middle East & North Africa,High income,1,73.88666666666667,32816.04460666667,13.7,82.4,0.1,100.0,2.506666666666667,2.585844254,73767.33305867513
Latvia,Europe & Central Asia,High income,3,73.91333333333334,8258.431136666668,15.693333333333333,158.06666666666666,0.1,59.35791172266667,2.7199999999999998,5.706207432666667,7724.666681925456
Lebanon,Middle East & North Africa,Lower middle income,1,74.3,4653.609651533334,13.666666666666666,62.2,0.1,11.985311284533333,7.7266666666666675,8.048840428,19935.333229064945
Lesotho,Sub-Saharan Africa,Lower middle income,2,48.74666666666667,815.8365584933333,10.726666666666667,550.5333333333333,22.513333333333332,24.222279948666667,16.52,7.774982387333334,503.3333337306976
Liberia,Sub-Saharan Africa,Low income,2,57.9,250.47286462666668,9.946666666666665,260.8,2.2266666666666666,47.891129819999996,35.733333333333334,8.125009267333333,730.0000059604647
Libya,Middle East & North Africa,Upper middle income,1,72.11999999999999,4366.574110090909,14.746666666666666,139.13333333333333,0.1,23.234898029333333,6.6,3.665683348,51964.00014241537
Lithuania,Europe & Central Asia,High income,3,72.88666666666667,9388.132216666667,16.24,124.93333333333334,0.1,84.13253948666667,2.5,6.210708553999999,11930.666694641113
Luxembourg,Europe & Central Asia,High income,3,80.98,53558.41389066667,13.646666666666667,65.53333333333333,0.1,92.27779529133333,2.5,6.429818693333333,10572.666493733728
Madagascar,Sub-Saharan Africa,Low income,2,63.06666666666667,318.58144095333336,9.42,225.2,0.52,6.3199036652,32.74666666666666,4.605213483333333,2036.6666742960608
Malawi,Sub-Saharan Africa,Low income,2,50.34666666666667,243.12034567333333,10.2,413.53333333333336,16.093333333333334,21.189370124,18.94,7.194019477333333,847.9999974568684
Malaysia,East Asia & Pacific,Upper middle income,1,73.84666666666666,5202.2566106,12.626666666666667,116.53333333333333,0.1,68.583328534,3.3133333333333335,3.1560830120000003,186034.6675211588
Maldives,South Asia,Upper middle income,1,75.93333333333334,3927.3169516666667,12.046666666666665,79.46666666666667,0.1,47.891129819999996,6.6,8.521527704666665,906.6666669845587
Mali,Sub-Saharan Africa,Low income,2,55.28,547.9230892466666,6.566666666666666,213.13333333333333,1.78,11.504908429199999,9.193333333333333,4.7310703106666665,2356.666651407878
Malta,Middle East & North Africa,High income,3,80.55333333333333,10713.146799333334,14.34,64.26666666666667,0.1,91.86797469,2.5,8.22251606,2501.3333075841283
Marshall Islands,East Asia & Pacific,Upper middle income,3,72.65666666666667,3617.752354,0.0,141.23333333333335,0.1,47.891129819999996,6.6,16.704207739333334,134.66666692495312
Mauritania,Sub-Saharan Africa,Lower middle income,2,62.986666666666665,645.5545080066667,7.38,169.06666666666666,1.1933333333333331,47.891129819999996,8.2,3.2123289893333338,2145.9999974568686
Mauritius,Sub-Saharan Africa,Upper middle income,1,72.82666666666667,5395.4635358666665,13.626666666666667,162.66666666666666,0.10666666666666667,47.891129819999996,5.113333333333333,4.055262151333333,3334.000019709269
Mexico,Latin America & Caribbean,Upper middle income,1,75.78,5479.758118533334,12.386666666666667,109.86666666666666,0.1,30.401921952666665,4.36,5.650240708,444431.99755859387
Monaco,Europe & Central Asia,High income,1,72.65666666666667,3045.0455303666668,12.406666666666666,141.23333333333335,0.1,100.0,6.6,2.059966994,9765.000343322754
Mongolia,East Asia & Pacific,Lower middle income,1,66.09333333333333,2085.386335153333,12.92,218.66666666666666,0.1,40.043800557333334,21.353333333333335,4.006102784,13435.333424886061
Montenegro,Europe & Central Asia,Upper middle income,1,74.6,4879.786634,11.433333333333334,89.33333333333333,0.1,34.53875643933333,4.4,8.314111614,2159.333311398824
Morocco,Middle East & North Africa,Lower middle income,1,72.39333333333335,1976.6587104,10.44,100.46666666666667,0.1,35.375547340666664,5.14,5.16618236,48450.66677856445
Mozambique,Sub-Saharan Africa,Low income,2,53.68666666666666,370.8962100133333,8.16,238.46666666666667,11.333333333333334,47.891129819999996,28.973333333333336,4.677309036,2774.0000031789136
Myanmar,East Asia & Pacific,Lower middle income,2,64.34,644.3841489,8.38,148.4,0.48000000000000004,60.467003930000004,18.553333333333335,2.644358682666667,10814.666817982992
Namibia,Sub-Saharan Africa,Upper middle income,2,60.6,3228.2440361333333,11.553333333333335,331.3333333333333,13.033333333333333,47.891129819999996,21.446666666666665,9.708589872666666,2987.9999930063886
Nauru,East Asia & Pacific,High income,1,72.65666666666667,136.18321,9.6,141.23333333333335,0.1,47.891129819999996,6.6,12.661460782,54.66666630903879
Nepal,South Asia,Lower middle income,2,66.74666666666667,406.2553298066667,10.533333333333333,141.2,0.16000000000000003,23.505096426,13.253333333333334,4.194713164,4246.66666730245
Netherlands,Europe & Central Asia,High income,3,81.33333333333333,35567.625920666665,17.09333333333333,60.13333333333333,0.1,97.45976700066667,2.5,9.585195033333333,163370.66581217453
New Zealand,East Asia & Pacific,High income,3,81.52,14851.183314,18.98,70.46666666666667,0.1,78.63801910933333,2.5,8.793133322666668,32406.666636149082
Nicaragua,Latin America & Caribbean,Lower middle income,1,73.48,1014.0126158,11.18,160.4,0.21333333333333335,47.891129819999996,21.8,6.931809267333334,4535.333358764648
Niger,Sub-Saharan Africa,Low income,2,57.44666666666667,266.53753890666667,4.1,229.0,1.1400000000000001,10.699740451933334,6.6,5.020297114,1206.0000011126203
Nigeria,Sub-Saharan Africa,Lower middle income,2,51.64,1425.54124754,9.093333333333334,262.06666666666666,4.826666666666667,24.263918934666666,8.173333333333334,3.707017372666667,95835.33294677733
Norway,Europe & Central Asia,High income,3,82.01333333333334,26720.829030666668,17.493333333333332,65.0,0.1,61.26032958266667,2.5,8.750905862,37786.66653442384
Oman,Middle East & North Africa,High income,1,74.99333333333334,8071.986137999999,12.346666666666666,63.06666666666667,0.1,47.891129819999996,8.986666666666668,2.8747843906666666,45273.332931518555
Pakistan,South Asia,Lower middle income,2,64.61333333333333,674.9276276066666,6.8133333333333335,163.0,0.1,47.891129819999996,16.646666666666665,2.6676406393333334,133649.99973551434
Palau,East Asia & Pacific,Upper middle income,1,72.65666666666667,1932.12237,14.2,141.23333333333335,0.1,47.891129819999996,6.6,10.207093334,222.6666640043258
Panama,Latin America & Caribbean,High income,1,76.53999999999999,5775.866859600001,12.82,115.53333333333333,0.12000000000000001,47.891129819999996,14.873333333333333,6.756579843333332,8147.333286285397
Papua New Guinea,East Asia & Pacific,Lower middle income,2,61.86666666666667,767.1083851857144,8.7,262.0,1.1733333333333333,47.891129819999996,25.94,2.4692871093333335,4885.999990463257
Paraguay,Latin America & Caribbean,Upper middle income,1,72.72,2012.5895296,12.206666666666667,137.8,0.14,50.96019749733333,8.58,5.524827988666667,4553.333353042603
Peru,Latin America & Caribbean,Upper middle income,1,73.81333333333333,2990.6651318,13.293333333333333,120.33333333333333,0.28,25.846117972000002,13.253333333333334,4.691813278,39139.33315531412
Philippines,East Asia & Pacific,Lower middle income,2,67.62666666666667,1481.0171957999999,11.553333333333335,217.86666666666667,0.1,47.97221974066667,13.473333333333333,3.6745864873333334,81380.00008138016
Poland,Europe & Central Asia,High income,3,75.78,6945.8859978,15.293333333333333,104.53333333333333,0.1,84.41197685666666,2.5,6.138391082666667,301048.6670735679
Portugal,Europe & Central Asia,High income,3,80.22,12295.040779333332,15.966666666666667,62.06666666666667,0.1,62.703407522666666,2.5,9.434993936000001,55923.99996948242
Qatar,Middle East & North Africa,High income,1,77.08666666666666,41465.92094466667,12.84,74.53333333333333,0.1,76.51333333333334,6.6,2.3417849066666667,54578.00079345703
Romania,Europe & Central Asia,High income,3,73.85333333333332,4431.658542533333,14.086666666666668,154.8,0.1,59.89164374,2.5,5.072738457333333,87317.99955240886
Rwanda,Sub-Saharan Africa,Low income,2,60.04666666666667,305.60770176666665,9.466666666666667,234.86666666666667,4.153333333333333,47.891129819999996,34.02,7.1990964900000005,649.3333377838135
Samoa,East Asia & Pacific,Lower middle income,1,73.72666666666667,2252.7494097333333,12.68,141.26666666666668,0.1,48.061820872,3.8133333333333335,5.116105461999999,192.66666694482146
San Marino,Europe & Central Asia,High income,1,72.65666666666667,3045.0455303666668,15.1,141.23333333333335,0.1,70.3715,6.6,6.133025233333333,9765.000343322754
Sao Tome and Principe,Sub-Saharan Africa,Lower middle income,1,65.33333333333333,771.0348342533333,10.32,161.0,0.9333333333333333,21.349233587333334,11.873333333333333,8.555695278666667,89.99999955296516
Saudi Arabia,Middle East & North Africa,High income,1,73.52666666666667,10793.192857066666,13.386666666666667,54.86666666666667,0.1,44.63430624533333,4.966666666666667,4.080470944666667,394930.0010579428
Senegal,Sub-Saharan Africa,Lower middle income,2,62.906666666666666,261.3550185533333,7.253333333333333,184.13333333333333,0.5333333333333333,17.130252934666665,15.22,4.024661142666667,6492.666655222577
Serbia,Europe & Central Asia,Upper middle income,3,74.04666666666667,3913.7027999333336,13.566666666666666,129.73333333333332,0.1,20.297826407333332,2.8333333333333335,8.770050908,48591.99981689453
Seychelles,Sub-Saharan Africa,High income,1,72.41333333333334,6424.132454866666,12.946666666666665,159.4,0.1,47.891129819999996,6.6,4.75530394,407.3333288033802
Sierra Leone,Sub-Saharan Africa,Low income,2,46.586666666666666,280.31828047333335,8.333333333333334,346.1333333333333,1.54,10.865875614733334,37.333333333333336,12.209737777333334,657.3333264986675
Singapore,East Asia & Pacific,High income,1,81.68666666666667,33389.93450066667,14.08,60.93333333333333,0.1,100.0,6.6,3.3402871286666667,41021.33339436849
Slovenia,Europe & Central Asia,High income,3,79.98,12121.931551333333,16.6,73.4,0.1,43.082951400666666,2.5,8.214580155333334,15384.66681671142
Solomon Islands,East Asia & Pacific,Lower middle income,1,67.84,845.0719705866667,8.733333333333333,133.73333333333332,0.1,47.891129819999996,14.393333333333334,6.822124736,322.6666669050855
Somalia,Sub-Saharan Africa,Low income,2,53.20666666666667,297.47334513333334,12.406666666666666,314.2,0.84,21.186599592666667,68.29333333333334,5.79520154,605.9999909400939
South Africa,Sub-Saharan Africa,Upper middle income,2,57.513333333333335,5171.5738266,12.886666666666667,413.8,18.30666666666667,47.891129819999996,3.8666666666666667,8.195187409333334,396092.6670735677
South Sudan,Sub-Saharan Africa,Low income,2,54.20666666666667,1092.233630625,1.6333333333333333,366.8666666666667,3.76,47.891129819999996,6.6,5.79520154,1164.6666585604357
Spain,Europe & Central Asia,High income,3,82.26666666666667,17254.572452666667,16.4,62.13333333333333,0.1,94.27244788066668,2.5,8.299199231333334,298496.6638590495
Sri Lanka,South Asia,Lower middle income,1,73.52666666666667,1051.09005712,13.273333333333333,142.33333333333334,0.1,47.891129819999996,11.193333333333333,3.9160903466666666,14024.66669718424
Sudan,Sub-Saharan Africa,Low income,2,62.04,1248.2272549933334,6.433333333333334,237.4,0.26,47.891129819999996,16.466666666666665,5.162907838,13113.33328882853
Suriname,Latin America & Caribbean,Upper middle income,1,70.26,4974.056724066667,11.873333333333333,162.13333333333333,0.7866666666666667,28.926468051333334,8.806666666666667,5.265321762666667,1770.6666720708222
Sweden,Europe & Central Asia,High income,3,82.71333333333334,29338.420015333333,15.866666666666667,58.266666666666666,0.1,93.69830957333333,2.5,9.057557456000001,46950.000508626305
Switzerland,Europe & Central Asia,High income,3,82.50666666666666,58666.183957333335,15.413333333333332,54.266666666666666,0.1,99.61972933066666,2.5,10.022189649333335,43577.99952189127
Tajikistan,Europe & Central Asia,Lower middle income,1,66.85333333333332,349.0020647133333,10.753333333333334,176.2,0.2533333333333333,47.891129819999996,6.6,5.583272553333333,2910.000015894572
Thailand,East Asia & Pacific,Upper middle income,1,73.21333333333334,3725.9294933333335,12.66,158.13333333333333,0.36000000000000004,21.942809065333336,11.133333333333333,3.3707172080000003,224650.6670735678
Togo,Sub-Saharan Africa,Low income,2,56.8,336.59147864,10.74,309.46666666666664,3.78,7.0027011413333335,24.68,3.9424013126666666,1860.0000178019202
Tonga,East Asia & Pacific,Upper middle income,1,72.59333333333333,2096.1073745999997,14.253333333333334,127.73333333333333,0.1,34.86307598533333,6.6,4.597209884,120.6666650970776
Trinidad and Tobago,Latin America & Caribbean,High income,1,71.2,8214.934811933334,12.373333333333333,161.13333333333333,0.6066666666666667,47.891129819999996,9.026666666666667,4.675333118,18925.333412170414
Tunisia,Middle East & North Africa,Lower middle income,1,74.45333333333333,3099.4259289333336,14.139999999999999,12.533333333333333,0.1,64.456302306,3.6866666666666665,5.859395248666667,25290.000045776367
Turkmenistan,Europe & Central Asia,Upper middle income,1,64.67333333333333,2636.173963853333,10.486666666666668,214.2,0.1,47.891129819999996,4.453333333333333,6.656706078666668,57171.33312988281
Tuvalu,East Asia & Pacific,Upper middle income,2,72.65666666666667,3542.13589,0.0,141.23333333333335,0.1,5.5785110044,6.6,14.650430488000001,9.999999791383742
Uganda,Sub-Saharan Africa,Low income,2,56.31333333333334,431.9428167666667,10.646666666666667,283.26666666666665,7.386666666666667,47.891129819999996,6.6,5.617887752000001,2865.333321889241
Ukraine,Europe & Central Asia,Lower middle income,3,70.1,1640.0602415333335,14.693333333333333,202.33333333333334,0.5266666666666667,50.03141742866667,2.533333333333333,6.531289448666667,282310.6687418621
United Arab Emirates,Middle East & North Africa,High income,1,75.8,23359.640206,12.88,70.4,0.1,80.37437782733333,6.913333333333333,3.0854043966666667,144103.33374023446
United Kingdom,Europe & Central Asia,High income,3,80.99333333333334,3045.0455303666668,12.406666666666666,69.13333333333334,0.1,97.88236907533333,2.5,9.081074365333334,494915.33138020843
United States,North America,High income,3,78.14666666666668,3045.0455303666668,12.406666666666666,54.46666666666667,0.1,97.99742708266668,2.5,15.298449007333334,5420537.352864583
Uruguay,Latin America & Caribbean,High income,3,76.14,7213.964021000001,15.313333333333333,119.2,0.1,47.891129819999996,3.02,8.325301679333332,6357.333386739095
Uzbekistan,Europe & Central Asia,Lower middle income,1,68.09333333333333,657.28377326,11.713333333333333,184.53333333333333,0.21333333333333335,47.891129819999996,9.926666666666668,5.183731808666667,120052.66743977876
Vanuatu,East Asia & Pacific,Lower middle income,1,71.54666666666667,2035.6052760666666,10.633333333333333,145.86666666666667,0.1,47.891129819999996,7.22,3.592712004,106.66666553417832
Vietnam,East Asia & Pacific,Lower middle income,1,74.86666666666666,3045.0455303666668,11.586666666666668,125.73333333333333,0.14666666666666667,47.891129819999996,12.966666666666667,4.3286794833333335,123343.33335367839
Zambia,Sub-Saharan Africa,Low income,2,54.580000000000005,843.13558822,11.32,337.0,11.479999999999999,47.891129819999996,6.6,5.145373456000001,2847.3333336512246
Zimbabwe,Sub-Saharan Africa,Lower middle income,2,50.78666666666666,401.8882814533333,9.826666666666666,448.8666666666667,21.913333333333334,29.109903232,6.6,7.871585646333333,10773.333415985111
